{
    "sejong": {
        "독거노인_총인구": {
            "독거노인_총인구": 1.0,
            "우울증_비율": 0.11647004711972823,
            "독거노인_우울증_수": 0.18846078054427626,
            "우울증_비중": 0.09857465497457692,
            "독거노인가구_비율": 0.30536983537994067,
            "1인당_GDP": 0.25103434484162146
        },
        "우울증_비율": {
            "독거노인_총인구": 0.11647004711972823,
            "우울증_비율": 1.0,
            "독거노인_우울증_수": 0.9626095184589554,
            "우울증_비중": 0.9956404443545335,
            "독거노인가구_비율": 0.4765741768861604,
            "1인당_GDP": 0.4009536931000393
        },
        "독거노인_우울증_수": {
            "독거노인_총인구": 0.18846078054427626,
            "우울증_비율": 0.9626095184589554,
            "독거노인_우울증_수": 1.0,
            "우울증_비중": 0.9446429967668724,
            "독거노인가구_비율": 0.6959303272163565,
            "1인당_GDP": 0.5998493312903612
        },
        "우울증_비중": {
            "독거노인_총인구": 0.09857465497457692,
            "우울증_비율": 0.9956404443545335,
            "독거노인_우울증_수": 0.9446429967668724,
            "우울증_비중": 1.0,
            "독거노인가구_비율": 0.423774478201997,
            "1인당_GDP": 0.39540284066738285
        },
        "독거노인가구_비율": {
            "독거노인_총인구": 0.30536983537994067,
            "우울증_비율": 0.4765741768861604,
            "독거노인_우울증_수": 0.6959303272163565,
            "우울증_비중": 0.423774478201997,
            "독거노인가구_비율": 1.0,
            "1인당_GDP": 0.8454425373661454
        },
        "1인당_GDP": {
            "독거노인_총인구": 0.25103434484162146,
            "우울증_비율": 0.4009536931000393,
            "독거노인_우울증_수": 0.5998493312903612,
            "우울증_비중": 0.39540284066738285,
            "독거노인가구_비율": 0.8454425373661454,
            "1인당_GDP": 1.0
        }
    },
    "jeonnam": {
        "독거노인_총인구": {
            "독거노인_총인구": 1.0,
            "우울증_비율": 0.17066978898985447,
            "독거노인_우울증_수": 0.23148304216682747,
            "우울증_비중": 0.17382158466791126,
            "독거노인가구_비율": 0.5293258893470905,
            "1인당_GDP": 0.4939753152803225
        },
        "우울증_비율": {
            "독거노인_총인구": 0.17066978898985447,
            "우울증_비율": 1.0,
            "독거노인_우울증_수": 0.1752321738397054,
            "우울증_비중": 0.1456981443654594,
            "독거노인가구_비율": 0.3238707940628598,
            "1인당_GDP": 0.38789494794267354
        },
        "독거노인_우울증_수": {
            "독거노인_총인구": 0.23148304216682747,
            "우울증_비율": 0.1752321738397054,
            "독거노인_우울증_수": 1.0,
            "우울증_비중": 0.9915604413029967,
            "독거노인가구_비율": 0.43607200987482936,
            "1인당_GDP": 0.4570748629953151
        },
        "우울증_비중": {
            "독거노인_총인구": 0.17382158466791126,
            "우울증_비율": 0.1456981443654594,
            "독거노인_우울증_수": 0.9915604413029967,
            "우울증_비중": 1.0,
            "독거노인가구_비율": 0.3272828435325518,
            "1인당_GDP": 0.36382388085642015
        },
        "독거노인가구_비율": {
            "독거노인_총인구": 0.5293258893470905,
            "우울증_비율": 0.3238707940628598,
            "독거노인_우울증_수": 0.43607200987482936,
            "우울증_비중": 0.3272828435325518,
            "독거노인가구_비율": 1.0,
            "1인당_GDP": 0.9285523001331709
        },
        "1인당_GDP": {
            "독거노인_총인구": 0.4939753152803225,
            "우울증_비율": 0.38789494794267354,
            "독거노인_우울증_수": 0.4570748629953151,
            "우울증_비중": 0.36382388085642015,
            "독거노인가구_비율": 0.9285523001331709,
            "1인당_GDP": 1.0
        }
    }
}